{
    "cloudsat_link": {
        "name": "CloudSat S-Band Link",
        "live": true,
        "live_cfg": [
            [
                1,
                0
            ],
            [
                2,
                0
            ]
        ],
        "frequencies": [
            2217.5
        ],
        "parameters": {
            "samplerate": {
                "value": 4e6
            }
        },
        "work": {
            "baseband": {},
            "soft": {
                "bpsk_demod": {
                    "symbolrate": 1000000,
                    "agc_rate": 0.00001,
                    "rrc_alpha": 0.5,
                    "rrc_taps": 31,
                    "costas_bw": 0.004,
                    "buffer_size": 8192
                }
            },
            "frm": {
                "ccsds_simple_psk_decoder": {
                    "ccsds": false,
                    "constellation": "bpsk",
                    "cadu_size": 3216,
                    "derandomize": false,
                    "nrzm": true,
                    "rs_i": 0,
                    "asm": "0x04b3e375"
                }
            },
            "products": {
                "cloudsat_cpr": {}
            }
        }
    }
}