{
    "cryosat_dump": {
        "name": "Cryosat X-Band Dump",
        "live": false,
        "live_cfg": [],
        "frequencies": [],
        "parameters": {
            "samplerate": {
                "value": 60e6
            }
        },
        "work": {
            "baseband": {},
            "soft": {
                "qpsk_demod": {
                    "symbolrate": 50000000,
                    "agc_rate": 0.00001,
                    "rrc_alpha": 0.35,
                    "rrc_taps": 31,
                    "costas_bw": 0.0189,
                    "buffer_size": 8192
                }
            },
            "cadu": {
                "ccsds_simple_psk_decoder": {
                    "constellation": "qpsk",
                    "cadu_size": 10232,
                    "nrzm": true,
                    "rs_i": 5,
                    "rs_type": "rs229"
                }
            },
            "products": {
                "cryosat_siral": {}
            }
        }
    }
}