{
    "fengyun3_ab_ahrpt": {
        "name": "FengYun-3 A/B AHRPT",
        "live": true,
        "live_cfg": [
            [
                1,
                0
            ],
            [
                2,
                0
            ]
        ],
        "frequencies": [
            1704.5
        ],
        "samplerate": 6e6,
        "baseband_type": "i16",
        "work": {
            "baseband": {},
            "soft": {
                "psk_demod": {
                    "constellation": "qpsk",
                    "symbolrate": 2800000,
                    "rrc_alpha": 0.5,
                    "pll_bw": 0.003
                }
            },
            "cadu": {
                "new_fengyun_ahrpt_decoder": {
                    "viterbi_outsync_after": 5,
                    "viterbi_ber_thresold": 0.170,
                    "soft_symbols": true,
                    "invert_second_viterbi": false
                }
            },
            "products": {
                "fengyun_satid": {},
                "fengyun_virr": {
                    "composites": "composites/fengyun_virr.json.inc"
                },
                "fengyun_erm": {},
                "fengyun_mwhs": {}
            }
        }
    },
    "fengyun3_c_ahrpt": {
        "name": "FengYun-3 C AHRPT ",
        "live": true,
        "live_cfg": [
            [
                1,
                0
            ],
            [
                2,
                0
            ]
        ],
        "frequencies": [
            1701.4
        ],
        "samplerate": 6e6,
        "baseband_type": "i16",
        "work": {
            "baseband": {},
            "soft": {
                "psk_demod": {
                    "constellation": "qpsk",
                    "symbolrate": 2600000,
                    "rrc_alpha": 0.5,
                    "pll_bw": 0.003
                }
            },
            "cadu": {
                "new_fengyun_ahrpt_decoder": {
                    "viterbi_outsync_after": 5,
                    "viterbi_ber_thresold": 0.170,
                    "soft_symbols": true,
                    "invert_second_viterbi": false
                }
            },
            "products": {
                "fengyun_satid": {
                    "scid_hint": 51
                },
                "fengyun_virr": {
                    "composites": "composites/fengyun_virr.json.inc"
                },
                "fengyun_erm": {},
                "fengyun_mwhs2": {}
            }
        }
    },
    "fengyun3_abc_mpt": {
        "name": "FengYun-3 A/B/C MPT",
        "live": false,
        "frequencies": [],
        "samplerate": 30e6,
        "baseband_type": "w8",
        "work": {
            "baseband": {},
            "soft": {
                "psk_demod": {
                    "constellation": "qpsk",
                    "symbolrate": 18.7e6,
                    "rrc_alpha": 0.5,
                    "pll_bw": 0.0063
                }
            },
            "cadu": {
                "new_fengyun_mpt_decoder": {
                    "viterbi_outsync_after": 5,
                    "viterbi_ber_thresold": 0.170,
                    "soft_symbols": true
                }
            },
            "products": {
                "fengyun_satid": {},
                "fengyun_mersi1": {
                    "correct_bowtie": true,
                    "composites": "composites/fengyun_mersi1.json.inc"
                }
            }
        }
    },
    "fengyun3_d_ahrpt": {
        "name": "FengYun-3 D AHRPT",
        "live": false,
        "frequencies": [],
        "samplerate": 45e6,
        "baseband_type": "w8",
        "work": {
            "baseband": {},
            "soft": {
                "psk_demod": {
                    "constellation": "qpsk",
                    "symbolrate": 30e6,
                    "rrc_alpha": 0.35,
                    "pll_bw": 0.0163
                }
            },
            "cadu": {
                "new_fengyun_ahrpt_decoder": {
                    "viterbi_outsync_after": 5,
                    "viterbi_ber_thresold": 0.310,
                    "soft_symbols": true,
                    "invert_second_viterbi": true
                }
            },
            "products": {
                "fengyun_satid": {
                    "scid_hint": 52
                },
                "fengyun_mersi2": {
                    "correct_bowtie": true,
                    "composites": "composites/fengyun_mersi2.json.inc"
                },
                "fengyun_mwts2": {},
                "fengyun_waai": {},
                "fengyun_mwri": {},
                "fengyun_mwhs2": {}
            }
        }
    },
    "fengyun3_e_ahrpt": {
        "name": "FengYun-3 E AHRPT",
        "live": false,
        "frequencies": [],
        "samplerate": 45e6,
        "baseband_type": "w8",
        "work": {
            "baseband": {},
            "soft": {
                "psk_demod": {
                    "constellation": "qpsk",
                    "symbolrate": 38.4e6,
                    "rrc_alpha": 0.35,
                    "pll_bw": 0.0189
                }
            },
            "cadu": {
                "new_fengyun_ahrpt_decoder": {
                    "viterbi_outsync_after": 5,
                    "viterbi_ber_thresold": 0.170,
                    "soft_symbols": true,
                    "invert_second_viterbi": true
                }
            },
            "products": {
                "fengyun_satid": {
                    "scid_hint": 56
                },
                "fengyun_mersill": {
                    "correct_bowtie": true,
                    "composites": "composites/fengyun_mersill.json.inc"
                },
                "fengyun_xeuvi": {},
                "fengyun_windrad": {},
                "fengyun_mwts3": {},
                "fengyun_mwhs2": {}
            }
        }
    },
    "fengyun3_abc_dpt": {
        "name": "FengYun-3 A/B/C DPT",
        "live": false,
        "frequencies": [],
        "samplerate": 65e6,
        "baseband_type": "i8",
        "work": {
            "baseband": {},
            "soft": {
                "psk_demod": {
                    "constellation": "qpsk",
                    "symbolrate": 62e6,
                    "rrc_alpha": 0.35,
                    "pll_bw": 0.0189
                }
            },
            "cadu": {
                "new_fengyun_ahrpt_decoder": {
                    "viterbi_outsync_after": 5,
                    "viterbi_ber_thresold": 0.170,
                    "soft_symbols": true,
                    "invert_second_viterbi": true
                }
            },
            "products": {
                "fengyun_satid": {},
                "fengyun_mersi1": {
                    "correct_bowtie": true,
                    "composites": "composites/fengyun_mersi1.json.inc"
                },
                "fengyun_virr": {
                    "composites": "composites/fengyun_virr.json.inc"
                },
                "fengyun_erm": {},
                "fengyun_mwhs": {}
            }
        }
    }
}