{
    "gk2a_lrit": {
        "name": "GK-2A LRIT",
        "live": true,
        "live_cfg": [
            [
                1,
                0
            ],
            [
                2,
                0
            ],
            [
                3,
                0
            ]
        ],
        "frequencies": [
            1692.14
        ],
        "samplerate": 1e6,
        "baseband_type": "i16",
        "work": {
            "baseband": {},
            "soft": {
                "bpsk_demod": {
                    "symbolrate": 128000,
                    "agc_rate": 0.0001,
                    "rrc_alpha": 0.5,
                    "rrc_taps": 31,
                    "costas_bw": 0.02,
                    "buffer_size": 8192
                }
            },
            "cadu": {
                "ccsds_conv_r2_concat_decoder": {
                    "constellation": "bpsk",
                    "cadu_size": 8192,
                    "viterbi_ber_thresold": 0.300,
                    "viterbi_outsync_after": 20,
                    "derandomize": true,
                    "rs_i": 4,
                    "rs_type": "rs223"
                }
            },
            "products": {
                "gk2a_lrit_data_decoder": {
                    "write_images": true,
                    "write_additional": true,
                    "write_unknown": true
                }
            }
        }
    },
    "gk2a_lrit_tcp": {
        "name": "GK-2A LRIT to xrit-rx",
        "live": true,
        "live_cfg": [
            [
                1,
                0
            ],
            [
                2,
                0
            ],
            [
                3,
                0
            ]
        ],
        "frequencies": [
            1692.14
        ],
        "samplerate": 1e6,
        "baseband_type": "i16",
        "work": {
            "baseband": {},
            "soft": {
                "bpsk_demod": {
                    "symbolrate": 128000,
                    "agc_rate": 0.0001,
                    "rrc_alpha": 0.5,
                    "rrc_taps": 31,
                    "costas_bw": 0.02,
                    "buffer_size": 8192
                }
            },
            "cadu": {
                "ccsds_conv_r2_concat_decoder": {
                    "constellation": "bpsk",
                    "cadu_size": 8192,
                    "viterbi_ber_thresold": 0.300,
                    "viterbi_outsync_after": 20,
                    "derandomize": true,
                    "rs_i": 4,
                    "rs_type": "rs223"
                }
            },
            "tcp": {
                "xrit_goesrecv_publisher": {
                    "address": "0.0.0.0",
                    "port": 5004
                }
            }
        }
    },
    "gk2a_hrit": {
        "name": "GK-2A HRIT",
        "live": true,
        "live_cfg": [
            [
                1,
                0
            ],
            [
                2,
                0
            ]
        ],
        "frequencies": [
            1695.4
        ],
        "samplerate": 6e6,
        "baseband_type": "i16",
        "work": {
            "baseband": {},
            "soft": {
                "qpsk_demod": {
                    "symbolrate": 3000000,
                    "agc_rate": 0.00001,
                    "rrc_alpha": 0.5,
                    "rrc_taps": 31,
                    "costas_bw": 0.02,
                    "buffer_size": 8192
                }
            },
            "cadu": {
                "ccsds_conv_r2_concat_decoder": {
                    "constellation": "qpsk",
                    "cadu_size": 8192,
                    "viterbi_ber_thresold": 0.300,
                    "viterbi_outsync_after": 20,
                    "derandomize": true,
                    "rs_i": 4,
                    "rs_type": "rs223"
                }
            }
        }
    }
}