{
    "jason3_link": {
        "name": "Jason-3 S-Band Link",
        "live": true,
        "live_cfg": [
            [
                1,
                0
            ],
            [
                2,
                0
            ]
        ],
        "frequencies": [],
        "parameters": {
            "samplerate": {
                "value": 3e6
            }
        },
        "work": {
            "baseband": {},
            "soft": {
                "qpsk_demod": {
                    "symbolrate": 838000,
                    "agc_rate": 0.00001,
                    "rrc_alpha": 0.7,
                    "rrc_taps": 31,
                    "costas_bw": 0.005,
                    "buffer_size": 8192
                }
            },
            "cadu": {
                "ccsds_conv_r2_concat_decoder": {
                    "constellation": "qpsk",
                    "cadu_size": 10232,
                    "viterbi_ber_thresold": 0.300,
                    "viterbi_outsync_after": 20,
                    "derandomize": true,
                    "nrzm": true,
                    "rs_i": 5,
                    "rs_type": "rs239"
                }
            },
            "products": {
                "jason3_instruments": {}
            }
        }
    }
}