{
    "npp_hrd": {
        "name": "Suomi NPP / JPSS-1 HRD",
        "live": false,
        "frequencies": [],
        "parameters": {
            "samplerate": {
                "value": 25e6
            }
        },
        "work": {
            "baseband": {},
            "soft": {
                "qpsk_demod": {
                    "symbolrate": 15e6,
                    "agc_rate": 0.0001,
                    "rrc_alpha": 0.7,
                    "rrc_taps": 31,
                    "costas_bw": 0.001,
                    "buffer_size": 8192
                }
            },
            "cadu": {
                "ccsds_conv_r2_concat_decoder": {
                    "constellation": "qpsk",
                    "cadu_size": 8192,
                    "viterbi_ber_thresold": 0.300,
                    "viterbi_outsync_after": 20,
                    "derandomize": true,
                    "nrzm": true,
                    "rs_i": 4,
                    "rs_type": "rs223"
                }
            },
            "products": {
                "jpss_instruments": {
                    "npp_mode": true
                }
            }
        }
    },
    "jpss_hrd": {
        "name": "JPSS-2/3/4 HRD",
        "live": false,
        "frequencies": [],
        "parameters": {
            "samplerate": {
                "value": 40e6
            }
        },
        "work": {
            "baseband": {},
            "soft": {
                "oqpsk_demod": {
                    "symbolrate": 25e6,
                    "agc_rate": 0.1,
                    "rrc_alpha": 0.5,
                    "rrc_taps": 31,
                    "costas_bw": 0.006,
                    "clock_gain_omega": 0.8,
                    "clock_mu": 0.9,
                    "clock_gain_mu": 0.037,
                    "clock_omega_relative_limit": 0.001,
                    "constellation_scale": 100,
                    "buffer_size": 8192
                }
            },
            "cadu": {
                "ccsds_conv_r2_concat_decoder": {
                    "constellation": "qpsk",
                    "cadu_size": 10232,
                    "viterbi_ber_thresold": 0.300,
                    "viterbi_outsync_after": 20,
                    "derandomize": true,
                    "nrzm": true,
                    "rs_i": 5,
                    "rs_type": "rs223"
                }
            },
            "products": {
                "jpss_instruments": {
                    "npp_mode": false
                }
            }
        }
    }
}