{
    "noaa_hrpt": {
        "name": "NOAA HRPT",
        "live": true,
        "live_cfg": [
            [
                1,
                0
            ],
            [
                2,
                0
            ]
        ],
        "frequencies": [
            1707,
            1698,
            1702.5
        ],
        "parameters": {
            "samplerate": {
                "value": 3e6
            }
        },
        "work": {
            "baseband": {},
            "soft": {
                "pm_demod": {
                    "symbolrate": 665400,
                    "pll_bw": 0.01,
                    "rrc_alpha": 0.6
                }
            },
            "frames": {
                "noaa_hrpt_decoder": {
                    "deframer_thresold": 10
                }
            },
            "products": {
                "noaa_instruments": {}
            }
        }
    },
    "noaa_gac": {
        "name": "NOAA GAC",
        "live": true,
        "live_cfg": [
            [
                1,
                0
            ],
            [
                2,
                0
            ]
        ],
        "frequencies": [
            1702.5,
            1698.0,
            2247.5
        ],
        "parameters": {
            "backward": {
                "type": "bool",
                "value": false,
                "name": "Backward GAC",
                "description": "Over the US, NOAA satellites often transmit\nGAC in reverse order. This mode allows\ndecoding those backward replays properly."
            },
            "samplerate": {
                "value": 6e6
            }
        },
        "work": {
            "baseband": {},
            "soft": {
                "psk_demod": {
                    "constellation": "bpsk",
                    "symbolrate": 2.6616e6,
                    "rrc_alpha": 0.5,
                    "pll_bw": 0.004,
                    "post_costas_dc": true
                }
            },
            "frm": {
                "noaa_gac_decoder": {
                    "backward": false
                }
            },
            "products": {
                "noaa_instruments": {
                    "gac_mode": true
                }
            }
        }
    },
    "noaa_dsb": {
        "name": "NOAA DSB",
        "live": true,
        "live_cfg": [
            [
                1,
                0
            ],
            [
                2,
                0
            ]
        ],
        "frequencies": [
            137.35,
            137.77
        ],
        "parameters": {
            "samplerate": {
                "value": 6e6
            }
        },
        "work": {
            "baseband": {},
            "soft": {
                "pm_demod": {
                    "symbolrate": 8320,
                    "agc_rate": 0.001,
                    "pll_bw": 0.01,
                    "pll_max_offset": 0.5,
                    "rrc_alpha": 0.6,
                    "rrc_taps": 31,
                    "costas_bw": 0.005,
                    "clock_omega_relative_limit": 0.005,
                    "buffer_size": 8192
                }
            },
            "frames": {
                "noaa_dsb_decoder": {}
            },
            "products": {
                "noaa_instruments": {
                    "dsb_mode": true
                }
            }
        }
    }
}