{
    "saral_l_band": {
        "name": "Saral L-Band",
        "live": true,
        "live_cfg": [
            [
                1,
                0
            ],
            [
                2,
                0
            ]
        ],
        "frequencies": [
            1698.4
        ],
        "samplerate": 3e6,
        "baseband_type": "i16",
        "work": {
            "baseband": {},
            "soft": {
                "qpsk_demod": {
                    "symbolrate": 800000,
                    "agc_rate": 0.00001,
                    "rrc_alpha": 0.5,
                    "rrc_taps": 31,
                    "costas_bw": 0.004,
                    "buffer_size": 8192
                }
            },
            "cadu": {
                "ccsds_conv_r2_concat_decoder": {
                    "constellation": "qpsk",
                    "cadu_size": 8192,
                    "viterbi_ber_thresold": 0.300,
                    "viterbi_outsync_after": 20,
                    "derandomize": true,
                    "nrzm": true,
                    "rs_i": 4,
                    "rs_type": "rs223"
                }
            },
            "products": {
                "saral_argos": {}
            }
        }
    },
    "angels_l_band": {
        "name": "ANGELS L-Band",
        "live": true,
        "live_cfg": [
            [
                1,
                0
            ],
            [
                2,
                0
            ],
            [
                3,
                0
            ]
        ],
        "frequencies": [
            1698.4
        ],
        "samplerate": 3e6,
        "baseband_type": "i16",
        "work": {
            "baseband": {},
            "soft": {
                "qpsk_demod": {
                    "symbolrate": 400000,
                    "agc_rate": 0.00001,
                    "rrc_alpha": 0.5,
                    "rrc_taps": 31,
                    "costas_bw": 0.004,
                    "buffer_size": 8192
                }
            },
            "cadu": {
                "ccsds_conv_r2_concat_decoder": {
                    "constellation": "qpsk",
                    "cadu_size": 8192,
                    "viterbi_ber_thresold": 0.300,
                    "viterbi_outsync_after": 20,
                    "derandomize": true,
                    "nrzm": true,
                    "rs_i": 4,
                    "rs_type": "rs223"
                }
            },
            "products": {
                "angels_argos": {}
            }
        }
    },
    "yunhai_ahrpt": {
        "name": "Yunhai AHRPT - Encrypted",
        "live": false,
        "frequencies": [
            1704
        ],
        "samplerate": 6e6,
        "baseband_type": "i16",
        "work": {
            "baseband": {},
            "soft": {
                "qpsk_demod": {
                    "symbolrate": 4000000,
                    "agc_rate": 0.00001,
                    "rrc_alpha": 0.5,
                    "rrc_taps": 31,
                    "costas_bw": 0.002,
                    "buffer_size": 8192
                }
            },
            "cadu": {
                "new_fengyun_ahrpt_decoder": {
                    "viterbi_outsync_after": 5,
                    "viterbi_ber_thresold": 0.170,
                    "soft_symbols": true,
                    "invert_second_viterbi": false
                }
            }
        }
    }
}